<?xml version= "1.0" encoding= "UTF-8"?>
<resources>
    <!-- Shootingmode -->
    <local name="SHOOTING_MODE_SINGLE_TAKE_PHOTO" back="SINGLE_TAKE_PHOTO" front="SINGLE_TAKE_PHOTO" enable="true" more="false" order="1" preview-size="1440x1080" capture-size="3264x2448" front-capture-size="2944x2208" info="1"/>
    <local name="SHOOTING_MODE_PHOTO" back="PHOTO" front="PHOTO" enable="true" more="false" order="2" />
    <local name="SHOOTING_MODE_VIDEO" back="VIDEO" front="VIDEO" enable="true" more="false" order="3" />
    <local name="SHOOTING_MODE_AR_DOODLE" back="AR_DOODLE" enable="true" more="true" order="4"/>
    <local name="SHOOTING_MODE_PRO" back="PRO" enable="true" more="true" order="5"/>
    <local name="SHOOTING_MODE_PANORAMA" back="PANORAMA" enable="true" more="true" order="6" preview-size="1920x1080" capture-size="4000x3000"/>
    <local name="SHOOTING_MODE_MACRO" back="MACRO" enable="true" more="true" order="7" info="4"/>
    <local name="SHOOTING_MODE_FOOD" back="FOOD" enable="true" more="true" order="8" info="5"/>
    <local name="SHOOTING_MODE_NIGHT" back="NIGHT" front="NIGHT" enable="true" more="true" order="9" info="3"/>
    <local name="SHOOTING_MODE_LIVE_FOCUS" back="LIVE_FOCUS" front="LIVE_FOCUS_LITE" enable="true" more="true" order="10" info="2"/>
    <local name="SHOOTING_MODE_SUPER_SLOW_MOTION" back="SUPER_SLOW_MOTION" enable="true" more="true" order="11" preview-size="1280x720" capture-size="1280x720" info="6"/>
    <local name="SHOOTING_MODE_SLOW_MOTION" back="SLOW_MOTION" front="SLOW_MOTION" enable="true" more="true" order="12" preview-size="1280x720" capture-size="1280x720" front-preview-size="1920x1080" front-capture-size="1920x1080"/>
    <local name="SHOOTING_MODE_HYPER_LAPSE" back="HYPER_LAPSE" front="HYPER_LAPSE" enable="true" more="true" order="13" preview-size="1920x1080" capture-size="1920x1080" info="7"/>
    <local name="SHOOTING_MODE_PRO_VIDEO" back="PRO_VIDEO" enable="true" more="true" order="14"/>

    <!-- Capture resolution - BACK -->
    <local name="BACK_CAMERA_RESOLUTION_4BY3_LARGE" value="9248x6936" />
    <local name="BACK_CAMERA_RESOLUTION_4BY3_MEDIUM" value="4624x3468" />
    <local name="BACK_CAMERA_RESOLUTION_16BY9_LARGE" value="4624x2604" />
    <local name="BACK_CAMERA_RESOLUTION_16BY9_MEDIUM" value="4624x2604" />
    <local name="BACK_CAMERA_RESOLUTION_1BY1_LARGE" value="3472x3472" />
    <local name="BACK_CAMERA_RESOLUTION_1BY1_MEDIUM" value="3472x3472" />
    <local name="BACK_CAMERA_RESOLUTION_FULL_RATIO" value="4624x2084" />
    <local name="BACK_CAMERA_PICTURE_DEFAULT_RESOLUTION" value="4624x3468" />

    <!-- Back Night shot low performance resolution -->
    <local name="BACK_NIGHT_SHOT_LOW_PERFORMANCE_CAMERA_RESOLUTION_4BY3_LARGE" value="4000x3000" />
    <local name="BACK_NIGHT_SHOT_LOW_PERFORMANCE_CAMERA_RESOLUTION_4BY3_MEDIUM" value="4000x3000" />
    <local name="BACK_NIGHT_SHOT_LOW_PERFORMANCE_CAMERA_RESOLUTION_16BY9_LARGE" value="4000x2252" />
    <local name="BACK_NIGHT_SHOT_LOW_PERFORMANCE_CAMERA_RESOLUTION_1BY1_LARGE" value="2992x2992" />
    <local name="BACK_NIGHT_SHOT_LOW_PERFORMANCE_CAMERA_RESOLUTION_FULL_RATIO" value="4000x1800" />

    <!-- Capture resolution - FRONT -->
    <local name="FRONT_CAMERA_RESOLUTION_4BY3_LARGE" value="6528x4896" />
    <local name="FRONT_CAMERA_RESOLUTION_4BY3_MEDIUM" value="4000x3000" />
    <local name="FRONT_CAMERA_RESOLUTION_16BY9_LARGE" value="4000x2252" />
    <local name="FRONT_CAMERA_RESOLUTION_16BY9_MEDIUM" value="4000x2252" />
    <local name="FRONT_CAMERA_RESOLUTION_1BY1_LARGE" value="2992x2992" />
    <local name="FRONT_CAMERA_RESOLUTION_1BY1_MEDIUM" value="2992x2992" />
    <local name="FRONT_CAMERA_RESOLUTION_FULL_RATIO" value="4000x1800" />
    <local name="FRONT_CAMERA_PICTURE_DEFAULT_RESOLUTION" value="4000x3000" />

    <!-- Capture resolution - SUPER -->
    <local name="BACK_CAMERA_RESOLUTION_SUPER_RESOLUTION" value="9248x6936" />
    <local name="FRONT_CAMERA_RESOLUTION_SUPER_RESOLUTION" value="6528x4896" />

    <!-- Back wide camera resolution -->
    <local name="BACK_WIDE_CAMERA_RESOLUTION_4BY3_LARGE" value="4000x3000" />
    <local name="BACK_WIDE_CAMERA_RESOLUTION_4BY3_MEDIUM" value="4000x3000" />
    <local name="BACK_WIDE_CAMERA_RESOLUTION_16BY9_LARGE" value="4000x2252" />
    <local name="BACK_WIDE_CAMERA_RESOLUTION_16BY9_MEDIUM" value="4000x2252" />
    <local name="BACK_WIDE_CAMERA_RESOLUTION_1BY1_LARGE" value="2992x2992" />
    <local name="BACK_WIDE_CAMERA_RESOLUTION_1BY1_MEDIUM" value="2992x2992" />
    <local name="BACK_WIDE_CAMERA_RESOLUTION_FULL_RATIO" value="4000x1800" />

    <!-- Back Macro camera resolution -->
    <local name="BACK_MACRO_CAMERA_RESOLUTION_4BY3" value="2576x1932" />
    <local name="BACK_MACRO_CAMERA_RESOLUTION_16BY9" value="2560x1440" />
    <local name="BACK_MACRO_CAMERA_RESOLUTION_1BY1" value="1920x1920" />
    <local name="BACK_MACRO_CAMERA_RESOLUTION_FULL_RATIO" value="2576x1160" />

    <!-- Front camera sensor crop resolution -->
    <local name="FRONT_CAMERA_SENSOR_CROP_RESOLUTION_4BY3_LARGE" value="5264x3948"/>
    <local name="FRONT_CAMERA_SENSOR_CROP_RESOLUTION_4BY3_MEDIUM" value="3264x2448"/>
    <local name="FRONT_CAMERA_SENSOR_CROP_RESOLUTION_16BY9_LARGE" value="3264x1836"/>
    <local name="FRONT_CAMERA_SENSOR_CROP_RESOLUTION_1BY1_LARGE" value="2448x2448"/>
    <local name="FRONT_CAMERA_SENSOR_CROP_RESOLUTION_FULL_RATIO" value="3264x1472"/>

    <!-- Recording resolution - BACK -->
    <local name="BACK_CAMERA_RECORDING_DEFAULT_RESOLUTION" value="1920x1080"/>
    <local name="BACK_CAMERA_RECORDING_MIN_RESOLUTION" value="640x480"/>
    <local name="BACK_CAMCORDER_RESOLUTION_FEATURE_MAP_3840X2160" value="true" hdr="false" hdr10="false" preview-size="1920x1080" snapshot-support="true" snapshot-size="4624x2604" vdis="true" super-vdis="false" effect="false" object-tracking="false" external-storage-support="true"/>
    <local name="BACK_CAMCORDER_RESOLUTION_FEATURE_MAP_1920X1080" value="true" hdr="true" hdr10="false" preview-size="1920x1080" snapshot-support="true" snapshot-size="4624x2604" vdis="true" super-vdis="true" effect="true" object-tracking="false" external-storage-support="true"/>
    <local name="BACK_CAMCORDER_RESOLUTION_FEATURE_MAP_1920X1080_60FPS" value="true" hdr="true" hdr10="false" preview-size="1920x1080" snapshot-support="true" snapshot-size="4624x2604" vdis="false" effect="false" object-tracking="false" seamless-zoom-support="false" external-storage-support="true"/>
	<local name="BACK_CAMCORDER_RESOLUTION_FEATURE_MAP_1440X1440" value="true" hdr="true" hdr10="false" preview-size="1088x1088" snapshot-support="true" snapshot-size="3472x3472" vdis="true" super-vdis="false" effect="true" object-tracking="false" external-storage-support="true"/>
    <local name="BACK_CAMCORDER_RESOLUTION_FEATURE_MAP_1280X720" value="true" hdr="true" hdr10="false" preview-size="1280x720" snapshot-support="true" snapshot-size="4624x2604" vdis="true" super-vdis="false" effect="true" object-tracking="false" external-storage-support="true"/>
    <local name="BACK_CAMCORDER_RESOLUTION_FEATURE_MAP_2400X1080" value="true" hdr="true" hdr10="false" preview-size="2400x1080" snapshot-support="true" snapshot-size="4624x2084" vdis="true" super-vdis="false" effect="true" object-tracking="false" external-storage-support="true"/>    
    <local name="BACK_CAMCORDER_RESOLUTION_FEATURE_MAP_176X144" value="true"/>
    <!-- Recording resolution - BACK for Quick Take feature 3:4 ratio -->
    <local name="BACK_CAMCORDER_RESOLUTION_FEATURE_MAP_1920X1440" value="false" hdr="true" hdr10="false" preview-size="1920x1440" snapshot-support="true" snapshot-size="4624x3468" vdis="true" super-vdis="true" effect="true" object-tracking="false" external-storage-support="true"/>
    <!-- Experimental Modes - BACK -->
    <local name="BACK_CAMCORDER_RESOLUTION_FEATURE_MAP_3840X2160_24FPS" value="true" hdr="true" hdr10="false" preview-size="1920x1080" snapshot-support="true" snapshot-size="4624x2604" vdis="false" super-vdis="false" effect="false" object-tracking="true" seamless-zoom-support="true" external-storage-support="true" supported-mode="pro_video"/>
    <local name="BACK_CAMCORDER_RESOLUTION_FEATURE_MAP_1920X1080_24FPS" value="true" hdr="true" hdr10="false" preview-size="1920x1080" snapshot-support="true" snapshot-size="4000x2252" vdis="false" super-vdis="false" effect="true" object-tracking="true" seamless-zoom-support="true" external-storage-support="true" supported-mode="pro_video"/>



    <!-- Recording resolution - FRONT -->
    <local name="FRONT_CAMERA_RECORDING_DEFAULT_RESOLUTION" value="1920x1080"/>
    <local name="FRONT_CAMERA_RECORDING_MIN_RESOLUTION" value="640x480"/>
    <local name="FRONT_CAMCORDER_RESOLUTION_FEATURE_MAP_3840X2160" value="true" hdr="false" hdr10="false" preview-size="1920x1080" snapshot-support="true" snapshot-size="4000x2252" vdis="false" super-vdis="false" effect="false" object-tracking="false" seamless-zoom-support="false" external-storage-support="true"/> 
    <local name="FRONT_CAMCORDER_RESOLUTION_FEATURE_MAP_1920X1080" value="true" hdr="true" hdr10="false" preview-size="1920x1080" snapshot-support="true" snapshot-size="4000x2252" vdis="true" super-vdis="false" effect="true" object-tracking="false" external-storage-support="true"/>
    <local name="FRONT_CAMCORDER_RESOLUTION_FEATURE_MAP_1920X1080_60FPS" value="true" hdr="true" hdr10="false" preview-size="1920x1080" snapshot-support="true" snapshot-size="4000x2252" vdis="false" effect="false" object-tracking="false" seamless-zoom-support="false" external-storage-support="true"/>
    <local name="FRONT_CAMCORDER_RESOLUTION_FEATURE_MAP_1440X1440" value="true" hdr="true" hdr10="false" preview-size="1088x1088" snapshot-support="true" snapshot-size="2992x2992" vdis="true" super-vdis="false" effect="true" object-tracking="false" external-storage-support="true"/>
    <local name="FRONT_CAMCORDER_RESOLUTION_FEATURE_MAP_1280X720" value="true" hdr="true" hdr10="false" preview-size="1280x720" snapshot-support="true" snapshot-size="4000x2252" vdis="true" super-vdis="false" effect="true" object-tracking="false" external-storage-support="true"/>
    <local name="FRONT_CAMCORDER_RESOLUTION_FEATURE_MAP_2400X1080" value="true" hdr="true" hdr10="false" preview-size="2400x1080" snapshot-support="true" snapshot-size="4000x1800" vdis="true" super-vdis="false" effect="true" object-tracking="false" external-storage-support="true"/>
    <local name="FRONT_CAMCORDER_RESOLUTION_FEATURE_MAP_176X144" value="true"/>
    <!-- Recording resolution - FRONT for Quick Take feature 3:4 ratio -->
    <local name="FRONT_CAMCORDER_RESOLUTION_FEATURE_MAP_1920X1440" value="false" hdr="true" hdr10="false" preview-size="1920x1440" snapshot-support="true" snapshot-size="4000x3000" vdis="true" super-vdis="false" effect="true" object-tracking="false"/>

    <!-- Quick launch features -->
    <local name="CAMERA_QUICK_LAUNCH_USING_POWER_KEY" value="true"/>

    <!-- Multi-camera features -->
    <local name="SUPPORT_BACK_DUAL_PORTRAIT" value="true"/>
    <local name="BACK_WIDE_CAMERA_ID" value="50"/>
    <local name="BACK_MACRO_CAMERA_ID" value="54"/>
    <local name="FRONT_DYNAMIC_FOV_CAMERA_ID" value="3"/>

    <!-- Shutter LP features -->
    <local name="SUPPORT_TAP_AND_HOLD_CAMERA_BUTTON" value="true" />

    <!-- Intelligent recognition -->
    <local name="SUPPORT_INTELLIGENT_GUIDE_TIPS" value="true" />
    <local name="SUPPORT_INTELLIGENT_RECOGNITION_TIPS" value="true" />

    <!-- Live focus & bokeh -->
    <local name="SUPPORT_LIVE_FOCUS_TORCH_FLASH" value="true"/>
    <local name="SUPPORT_BOKEH_FOCUSED_REGION" value="true"/>
    <local name="SUPPORT_LIVE_FOCUS_HDR_CAPTURE" value="true"/>
    <local name="SUPPORT_DUAL_BOKEH_EFFECT" value="false"/>
    <local name="SUPPORT_SINGLE_BOKEH_EFFECT" value="false"/>
    <local name="SUPPORT_VIDEO_BOKEH_EFFECT" value="true"/>	
    <local name="SUPPORT_LIVE_FOCUS_VIDEO_BEAUTY" value="true"/>	
    <local name="SUPPORT_BIG_CIRCLE_BOKEH_EFFECT" value="true" />	
    <local name="SUPPORT_TOUCH_EV" value="true" />
    <local name="SUPPORT_LIVE_FOCUS_LENS_TYPE_CHANGE" value="true" />

    <!-- Composition guide -->
    <local name="SUPPORT_COMPOSITION_GUIDE" value="true" />

    <!-- Additional effects like live bokeh/motion photo/star effect in labs -->
    <local name="SUPPORT_ADDITIONAL_EFFECTS_WITH_SCENE_DETECTION" value="false" />
    <local name="SUPPORT_SCENE_DETECTION_LITE" value="false" />
    <local name="SUPPORT_ADDITIONAL_SCENE_BRIGHT_NIGHT" value="false" />
    <local name="SUPPORT_NIGHT_MODE_REAR_LENS" value="true" />
    <local name="SUPPORT_NIGHT_MODE_FRONT_ANGLE" value="true" />
    <local name="SUPPORT_MOTION_PHOTO_IN_SUPER_LARGE_RESOLUTION" value="true" />
    <local name="SUPPORT_NIGHT_MODE_ZOOM" value="true" />	
    <local name="SUPPORT_REVIEW" value="true"/>

    <!-- Camera related features -->
    <local name="SUPPORT_AUTO_WATERMARK" value="true" />
    <local name="CAMERA_AUTO_WATERMARK_NUMBER_OF_CAMERAS" value="4" />
    <local name="SUPPORT_VIDEO_STABILISATION_MENU_IN_SETTING" value="true" />

    <!-- Floating camera button -->
    <local name="SUPPORT_FLOATING_CAMERA_BUTTON" value="true"/>

    <!-- Live Beauty features -->
    <local name="SUPPORT_LIVE_BEAUTY" value="true"/>
    <local name="SUPPORT_TO_USE_PPP" value="true"/>
    <local name="SUPPORT_LIVE_BEAUTY_IN_AUTO_MODE" value="true"/>
    <local name="SUPPORT_LIVE_BEAUTY_MANUAL_RESHAPE" value="false"/>
    <local name="SUPPORT_SMART_BEAUTY_GLOBAL" value="true"/>
    <local name="SUPPORT_LIVE_BEAUTY_SHAPE_CORRECTION" value="false"/>
    <local name="SUPPORT_BACK_VIDEO_BEAUTY" value="true"/>
    <local name="SUPPORT_WIDE_LENS_CORRECTION" value="true" />
    <local name="SUPPORT_BEAUTY_BRIGHTEN" value="true" />

    <!-- Super Slow Motion features -->
    <local name="SUPPORT_SUPER_SLOW_MOTION_FRC_FIXED" value="true"/>
    <local name="SUPPORT_SUPER_SLOW_MOTION_AUTO_DETECT_PREPARE" value="true"/>
    <local name="SUPER_SLOW_MOTION_MAX_FRC_TIME" value="400"/>
    <local name="SUPPORT_SUPER_SLOW_MOTION_AUTO_DETECTION" value="false"/>
    <local name="SUPPORT_SUPER_RESOLUTION" value="true"/>

    <!-- HEIF format -->
    <local name="SUPPORT_HEIF_FORMAT" value="true"/>

    <!-- Camera Preview FPS Variations -->
    <local name="SINGLE_LIVE_FOCUS_PREVIEW_FPS_MAX" value="24" />
    <local name="FRONT_CAMERA_PREVIEW_FPS_MIN" value="8" />
    <local name="CAMERA_PREVIEW_FPS_MIN" value="15" />
    <local name="BACK_WIDE_CAMERA_PREVIEW_FPS_MIN" value="10" />
    <local name="FRONT_SINGLE_TAKE_PHOTO_PREVIEW_FPS_MAX" value="24" />
    <local name="REAR_SINGLE_TAKE_PHOTO_PREVIEW_FPS_MAX" value="24" />
    <local name="FRONT_SINGLE_TAKE_PHOTO_PREVIEW_FPS_MIN" value="8" />
    <local name="REAR_SINGLE_TAKE_PHOTO_PREVIEW_FPS_MIN" value="15" />

    <!-- Performance -->
    <local name="REMOSAIC_CAPTURE_LOW_PERFORMANCE" value="true"/>
    <local name="LOW_PERFORMANCE_RECORDING_VI" value="true" />

    <!-- AF features -->
    <local name="SUPPORT_MULTI_AF" value="false"/>
    <local name="SUPPORT_OBJECT_TRACKING_AF" value="false" />
    <local name="SUPPORT_FAST_REACTIVE_AF" value="false" />
    <local name="SUPPORT_DIVIDE_AE_AF" value="true" />

    <!-- Seamless camera switching related features -->
    <local name="SUPPORT_SEAMLESS_LENS_CHANGE_VI" value="true" />
    <local name="TRANSITION_SCALE_FACTOR_WIDE_TO_NORMAL" value="1.9f" />
    <local name="TRANSITION_SCALE_PIVOTY_NORMAL_ASPECT_RATIO" value="0.45f" />
    <local name="TRANSITION_SCALE_PIVOTY_WIDE_ASPECT_RATIO" value="0.45f" />
    <local name="TRANSITION_SCALE_PIVOTX" value="0.5f" />
    <local name="TRANSITION_NORMAL_TO_WIDE_ANIMATION_DURATION" value="600" />
    <local name="TRANSITION_WIDE_TO_NORMAL_ANIMATION_DURATION" value="600" />	

    <!-- Support picture format -->
    <local name="CAMERA_SUPPORT_PICTURE_FORMAT" value="false"/>

    <local name="SUPPORT_POST_PICTURE_PROCESSING" value="true"/>
    <local name="SUPPORT_POST_PICTURE_PROCESSING_FOR_EFFECTS" value="false"/>

    <!-- Single take features -->
    <local name="SINGLE_TAKE_USING_BEAUTY" value="true" />
    <local name="SUPPORT_SINGLE_TAKE_FRONT_AF" value="true" />
    <local name="SINGLE_TAKE_CAPTURE_INTERVAL" value="1000"/>
    <local name="SINGLE_TAKE_USING_CONTINUOUS_AF" value="true"/>
    <local name="SINGLE_TAKE_USING_SCENE_OPTIMIZER" value="true"/>
    <local name="SINGLE_TAKE_USING_SINGLE_LENS_ONLY" value="true" />
    <local name="SINGLE_TAKE_FRONT_CAMERA_DYNAMIC_FOV" value="false" />
    <local name="SUPPORT_SINGLE_TAKE_CUSTOMIZED_OPTION" value="true"/>
    <local name="SUPPORT_SINGLE_TAKE_FILTERED_VIDEOS" value="false"/>
    <local name="SUPPORT_SINGLE_TAKE_PORTRAITS" value="false"/>
    <local name="SUPPORT_SINGLE_TAKE_EXTENDED_CAPTURE" value="true" />
    <local name="SINGLE_TAKE_FRONT_CAMERA_DYNAMIC_FOV" value="false"/>

    <!-- Etc. features -->
    <local name="MAX_BURST_CAPTURE_COUNT" value="30" />
    <local name="DEFAULT_MAX_ZOOM_VALUE" value="800" />
    <local name="SUPPORT_HEVC_VIDEO_ENCODER" value="true" />
    <local name="CAMCORDER_FRONT_ANTI_SHAKE" value="false" />
    <local name="SUPPORT_FRONT_VIDEO_BEAUTY" value="true" />
    <local name="SUPPORT_SUPER_VIDEO_STABILIZATION" value="true" />
    <local name="FRONT_CAMERA_LENS_ORIENTATION" value="true"/>
    <local name="SUPPORT_LEVEL_METER" value="true"/>
    <local name="SUPPORT_ADVANCED_RECORDING_OPTIONS" value="true"/>
    <local name="SUPPORT_SENSOR_CROP" value="true"/>
    <local name="SUPPORT_ADDITIONAL_SCENE_DOCUMENT_SCAN" value="true" />
    <local name="LIMITATION_SUPER_SLOWMOTION_DURING_SMARTVIEW" value="true" />
    <local name="LIMITATION_SLOWMOTION_DURING_SMARTVIEW" value="true" />
    <local name="LIMITATION_UHD_RECORDING_DURING_SMARTVIEW" value="true" />
    <local name="LIMITATION_FHD_60FPS_RECORDING_DURING_SMARTVIEW" value="true" />
    <local name="TIME_TO_CLEAR_DRAWING_FINISHED_RUNNABLE" value="5" />
    <local name="LOW_PERFORMANCE_REAR_NIGHT_SHOT" value="true" />
    <local name="SUPPORT_MY_FILTER" value="true" />
    <local name="SUPPORT_FRONT_CAMERA_DYNAMIC_FOV" value="true"/>
    <local name="SUPPORT_QUICK_TAKE" value="true" />
    <local name="SUPPORT_HYPER_LAPSE_NIGHT" value="true" />
    <local name="SUPPORT_MACRO_NUDGE" value="true" />
    <local name="DISPLAY_CUTOUT_POSITION" value="1" />
    <local name="USING_MAX_RESOLUTION_STAMP_IN_WATERMARK" value="true" />
    <local name="SUPPORT_PRO_RESET" value="true" />
    <local name="DISPLAY_CUTOUT_ANIMATION_INFO" num-of-display-cutout="1" display-cutout-0-type="0" display-cutout-0-left="162" display-cutout-0-top="0" display-cutout-0-right="199" display-cutout-0-bottom="36"/>
    <local name="SUPPORT_PRO_VIDEO_RESOLUTION_SETTING" value="true"/>	
    <local name="SUPPORT_HISTOGRAM" value="true"/>
    <local name="SUPPORT_PRO_VIDEO_FOCUS_PEAKING" value="true"/>
    <local name="SUPPORT_PRO_VIDEO_ZOOM_ROCKER" value="true"/>
    <local name="SUPPORT_PRO_VIDEO_RESET" value="true"/>
    <local name="SUPPORT_PRO_RESET" value="true"/>
    <local name="SUPPORT_EXPAND_SHUTTER_SPEED" value="true"/>
    <local name="SUPPORT_UNLIMITED_VIDEO_FILE_SIZE" value="true"/>	
    <local name="SUPPORT_SWITCH_FACING_WHILE_RECORDING" value="true"/>	
    <local name="DELAY_TIME_TO_RESUME_WHEN_SWITCH_FACING_WHILE_RECORDING" value="250" />

    <!-- Advance option HDR10+ Video Recording -->
    <local name="SUPPORT_HDR10_PLUS_RECORDING" value="false"/>

    <!-- HDR Video Recording -->
    <local name="SUPPORT_VIDEO_HDR" value="false"/>
    <local name="SUPPORT_3HDR_RECORDING" value="true"/>

    <!-- temporary enable for QC -->
    <local name="SUPPORT_SAVE_AS_FLIPPED_IN_MEDIA_RECORDER" value="true" />

    <!-- Enable Qr code detection -->
    <local name="SUPPORT_QR_CODE_DETECTION" value="true" />

    <!-- Guide Line percentage -->
    <local name="TOP_GUIDE_LINE" value="0.145"/>
    <local name="BOTTOM_GUIDE_LINE" value="0.746"/>
    <local name="SUPPORT_SMART_SCAN_MANUAL_CROP" value="true" />
</resources>
